{"assets/Map-Pointer.svg":["assets/Map-Pointer.svg"],"assets/NewImages/doctorImageLogin.png":["assets/NewImages/doctorImageLogin.png"],"assets/NewImages/logoImageLogin.png":["assets/NewImages/logoImageLogin.png"],"assets/NewImages/splash.png":["assets/NewImages/splash.png"],"assets/NewImages/talk_to_advisor.png":["assets/NewImages/talk_to_advisor.png"],"assets/Poppins/Poppins-Regular.ttf":["assets/Poppins/Poppins-Regular.ttf"],"assets/Twitter.svg":["assets/Twitter.svg"],"assets/banner.jpeg":["assets/banner.jpeg"],"assets/banner.png":["assets/banner.png"],"assets/banner_old.png":["assets/banner_old.png"],"assets/call.svg":["assets/call.svg"],"assets/congratulations.svg":["assets/congratulations.svg"],"assets/default_profile.png":["assets/default_profile.png"],"assets/email.svg":["assets/email.svg"],"assets/erza.jpg":["assets/erza.jpg"],"assets/explore.png":["assets/explore.png"],"assets/facebook.svg":["assets/facebook.svg"],"assets/filter.png":["assets/filter.png"],"assets/footer_bg.svg":["assets/footer_bg.svg"],"assets/footer_bg_new.svg":["assets/footer_bg_new.svg"],"assets/footer_new_png.png":["assets/footer_new_png.png"],"assets/heartInactiveNew.svg":["assets/heartInactiveNew.svg"],"assets/heart_active.svg":["assets/heart_active.svg"],"assets/images/HealthAssure.png":["assets/images/HealthAssure.png"],"assets/images/acid.png":["assets/images/acid.png"],"assets/images/add_cart.png":["assets/images/add_cart.png"],"assets/images/cancer.png":["assets/images/cancer.png"],"assets/images/cardiac.png":["assets/images/cardiac.png"],"assets/images/child.png":["assets/images/child.png"],"assets/images/conceive.png":["assets/images/conceive.png"],"assets/images/dentisity.png":["assets/images/dentisity.png"],"assets/images/diabetic.png":["assets/images/diabetic.png"],"assets/images/doctor_1.png":["assets/images/doctor_1.png"],"assets/images/doctor_2.png":["assets/images/doctor_2.png"],"assets/images/doctor_3.png":["assets/images/doctor_3.png"],"assets/images/doctor_4.png":["assets/images/doctor_4.png"],"assets/images/doctor_5.png":["assets/images/doctor_5.png"],"assets/images/endo.png":["assets/images/endo.png"],"assets/images/extra.png":["assets/images/extra.png"],"assets/images/facebook.png":["assets/images/facebook.png"],"assets/images/general_physician.png":["assets/images/general_physician.png"],"assets/images/google.png":["assets/images/google.png"],"assets/images/hair.png":["assets/images/hair.png"],"assets/images/health.png":["assets/images/health.png"],"assets/images/healthLogo.jpeg":["assets/images/healthLogo.jpeg"],"assets/images/heart.png":["assets/images/heart.png"],"assets/images/home_care_dummy_pic.png":["assets/images/home_care_dummy_pic.png"],"assets/images/lab.png":["assets/images/lab.png"],"assets/images/lab1.png":["assets/images/lab1.png"],"assets/images/lab2.png":["assets/images/lab2.png"],"assets/images/lab3.png":["assets/images/lab3.png"],"assets/images/labTest.png":["assets/images/labTest.png"],"assets/images/nephrology.png":["assets/images/nephrology.png"],"assets/images/neuro.png":["assets/images/neuro.png"],"assets/images/opth.png":["assets/images/opth.png"],"assets/images/ortho.png":["assets/images/ortho.png"],"assets/images/person.png":["assets/images/person.png"],"assets/images/pregnancy.png":["assets/images/pregnancy.png"],"assets/images/psychat.png":["assets/images/psychat.png"],"assets/images/sexual.png":["assets/images/sexual.png"],"assets/images/skin.png":["assets/images/skin.png"],"assets/images/stomach.png":["assets/images/stomach.png"],"assets/images/topic_0.png":["assets/images/topic_0.png"],"assets/images/twitter.png":["assets/images/twitter.png"],"assets/images/weight.png":["assets/images/weight.png"],"assets/images/women_issue.png":["assets/images/women_issue.png"],"assets/instagram.svg":["assets/instagram.svg"],"assets/linkedin.svg":["assets/linkedin.svg"],"assets/location.png":["assets/location.png"],"assets/mycart.png":["assets/mycart.png"],"assets/myhealth.png":["assets/myhealth.png"],"assets/myplan.png":["assets/myplan.png"],"assets/notification.png":["assets/notification.png"],"assets/other/14.png":["assets/other/14.png"],"assets/other/15.png":["assets/other/15.png"],"assets/other/22.png":["assets/other/22.png"],"assets/other/24.png":["assets/other/24.png"],"assets/other/29.png":["assets/other/29.png"],"assets/other/3.png":["assets/other/3.png"],"assets/other/32.png":["assets/other/32.png"],"assets/other/34.png":["assets/other/34.png"],"assets/other/36.png":["assets/other/36.png"],"assets/other/38.png":["assets/other/38.png"],"assets/other/39.png":["assets/other/39.png"],"assets/other/4.png":["assets/other/4.png"],"assets/other/40.png":["assets/other/40.png"],"assets/other/41.png":["assets/other/41.png"],"assets/other/47.png":["assets/other/47.png"],"assets/other/49.png":["assets/other/49.png"],"assets/other/50.png":["assets/other/50.png"],"assets/other/54.png":["assets/other/54.png"],"assets/other/55.png":["assets/other/55.png"],"assets/other/58.png":["assets/other/58.png"],"assets/other/6.png":["assets/other/6.png"],"assets/other/60.png":["assets/other/60.png"],"assets/other/65.png":["assets/other/65.png"],"assets/other/67136.jpg":["assets/other/67136.jpg"],"assets/other/68.png":["assets/other/68.png"],"assets/other/69.png":["assets/other/69.png"],"assets/other/8.png":["assets/other/8.png"],"assets/other/Anorexia-The-most-dangerous-form-of-eating-disorder-1.jpg":["assets/other/Anorexia-The-most-dangerous-form-of-eating-disorder-1.jpg"],"assets/other/Carousel_Image_Hairfall_.jpg":["assets/other/Carousel_Image_Hairfall_.jpg"],"assets/other/Doctor-Consultations-Offline-or-Online-1.jpg":["assets/other/Doctor-Consultations-Offline-or-Online-1.jpg"],"assets/other/Fitness.jpg":["assets/other/Fitness.jpg"],"assets/other/Food-and-Nutrition.jpg":["assets/other/Food-and-Nutrition.jpg"],"assets/other/Health-Conditions.png":["assets/other/Health-Conditions.png"],"assets/other/Mens-Health-192x128.jpg":["assets/other/Mens-Health-192x128.jpg"],"assets/other/Mental-Health.jpg":["assets/other/Mental-Health.jpg"],"assets/other/Parenting.jpg":["assets/other/Parenting.jpg"],"assets/other/The-Challenges-of-Post-Pregnancy-Weight-Loss-1.jpg":["assets/other/The-Challenges-of-Post-Pregnancy-Weight-Loss-1.jpg"],"assets/other/UTI-in-Women-When-to-Consult-a-Doctor-1.jpg":["assets/other/UTI-in-Women-When-to-Consult-a-Doctor-1.jpg"],"assets/other/Why-You-Should-Not-Take-High-BP-Lightly-1.jpg":["assets/other/Why-You-Should-Not-Take-High-BP-Lightly-1.jpg"],"assets/other/banner_2.jpg":["assets/other/banner_2.jpg"],"assets/other/blood-pressure-monitor-1952924_1280-192x128.jpg":["assets/other/blood-pressure-monitor-1952924_1280-192x128.jpg"],"assets/other/blood-sugar-chronic-diabetes-46173-192x128.jpg":["assets/other/blood-sugar-chronic-diabetes-46173-192x128.jpg"],"assets/other/corona-2-192x128.png":["assets/other/corona-2-192x128.png"],"assets/other/employees-closeup-young-nurse-service_1301-3095-1-192x128.jpg":["assets/other/employees-closeup-young-nurse-service_1301-3095-1-192x128.jpg"],"assets/other/hands-holding-red-heart-144x144.jpg":["assets/other/hands-holding-red-heart-144x144.jpg"],"assets/other/map.png":["assets/other/map.png"],"assets/other/package_final.jpg":["assets/other/package_final.jpg"],"assets/other/red-sphere-others-grey_110488-324-192x124.jpg":["assets/other/red-sphere-others-grey_110488-324-192x124.jpg"],"assets/other/rsz_1rsz_16724-192x128.jpg":["assets/other/rsz_1rsz_16724-192x128.jpg"],"assets/other/rsz_1rsz_1rsz_14962-192x128.jpg":["assets/other/rsz_1rsz_1rsz_14962-192x128.jpg"],"assets/other/shutterstock_388571149-2-1-192x128.jpg":["assets/other/shutterstock_388571149-2-1-192x128.jpg"],"assets/other/stork_home_building_1.jpg":["assets/other/stork_home_building_1.jpg"],"assets/png/FB.png":["assets/png/FB.png"],"assets/png/Footer%20(1).png":["assets/png/Footer%20(1).png"],"assets/png/address.png":["assets/png/address.png"],"assets/png/call.png":["assets/png/call.png"],"assets/png/email.png":["assets/png/email.png"],"assets/png/footer.png":["assets/png/footer.png"],"assets/png/instagram.png":["assets/png/instagram.png"],"assets/png/linkedin.png":["assets/png/linkedin.png"],"assets/png/twitter.png":["assets/png/twitter.png"],"assets/wallet.png":["assets/wallet.png"],"packages/cupertino_icons/assets/CupertinoIcons.ttf":["packages/cupertino_icons/assets/CupertinoIcons.ttf"],"packages/fluttertoast/assets/toastify.css":["packages/fluttertoast/assets/toastify.css"],"packages/fluttertoast/assets/toastify.js":["packages/fluttertoast/assets/toastify.js"]}